id,username,email,password
1,lbotham0,hcarberry0@google.fr,vbwtj11Rg
2,jingman1,nsutherland1@columbia.edu,TV1qLv
3,mmagowan2,mdawe2@aol.com,jWvU2yz
4,brandell3,whutton3@buzzfeed.com,3ALqZ7LH9tL5
5,eriddiough4,efarron4@hhs.gov,oejRIC57
6,acarreck5,lstear5@printfriendly.com,tvjgTmo0
7,smusker6,phaley6@e-recht24.de,fNHT9Z7LwZB
8,ilattos7,mpurver7@imageshack.us,FgCB1k
9,phulle8,nmcevay8@tuttocitta.it,bpJYmX
10,jolivetta9,icokely9@dell.com,B4McVH4v
11,kborrowsa,mdonea@weather.com,YFqyYu
12,bsinkingsb,dloweb@engadget.com,XRrm4jO
13,ofusedalec,kspeekc@ameblo.jp,eSSqSQMIRnQO
14,mjobd,htichelaard@lulu.com,vLDCZW3C5wy
15,rmcclymonde,kwalklotte@upenn.edu,uJhb046
16,hconsidinef,astuckowf@blog.com,8oZtDk1qXD
17,afishleighg,rbraybrookg@ebay.com,T48QjLKMRo
18,rreinmarh,srenowdenh@tmall.com,oUbAYiy9M
19,ematthewmani,pmosbyi@cornell.edu,xjayVO
20,ieversleyj,bginnerj@smh.com.au,AOBKI9Sr
21,slillok,cfinlasonk@umn.edu,wdxmN8ND
22,gkelll,adawburyl@oracle.com,ga63yfZl
23,lchattenm,ptzukerm@patch.com,LWVY0oID0yn
24,mvidelern,alomasneyn@hugedomains.com,ZFjBp88
25,btidgewello,daudryo@icq.com,5EPpwaDTBBVD
26,ahirthep,kmasselinp@canalblog.com,dRFeF5lueC7
27,vlewendonq,dharbisonq@ihg.com,WWM8Zu4xzR56
28,cswinneyr,cbatramr@bloglines.com,LqXkgk
29,dsteffenss,streffrys@wikimedia.org,4NUDbXXZQ
30,sterrent,cattockt@github.com,C1kWzS
31,fmyrkusu,pdamarellu@state.gov,DCVIQyux
32,eberthv,cwoollacottv@posterous.com,NcHbYC3vQPv1
33,gmcveightyw,bkleehuhlerw@latimes.com,J9TAjdgkEJtl
34,glewingtonx,lburgisex@mapy.cz,CWb3HaqCadIG
35,cbruckshawy,kbuseny@wix.com,IbYWD6
36,scorserz,kribyz@taobao.com,ynFXrBiYN
37,atinston10,bnapolione10@globo.com,uGaSnA0c
38,cdicker11,cgiuron11@seesaa.net,CUiQqzVd
39,lbrooker12,lkinzett12@comcast.net,S8ynndylcJk
40,bbarcroft13,mdachey13@springer.com,S1LY3uOvuzll
41,cshreenan14,wrustidge14@usnews.com,a6Ruwy6vx
42,mspensly15,gbeverstock15@bandcamp.com,G3YymqlYg2
43,nniaves16,bdeeman16@columbia.edu,xc3lpS084YD
44,nfox17,nspowage17@bandcamp.com,ebvIAd5mAu
45,vhailes18,fgoatman18@google.ca,3tvDoGj
46,klewsley19,cbowring19@comsenz.com,nsmXZEI9dJ
47,bhyndman1a,kschapero1a@hostgator.com,uneF1uC
48,mteall1b,rpeizer1b@noaa.gov,c3zTXVfnX
49,echree1c,chanalan1c@fema.gov,pWF90A0Ux
50,fbruckshaw1d,lgisborne1d@bloomberg.com,6buElQnXZEYk
51,sgerrels1e,areally1e@cbsnews.com,03016MBSAOxf
52,tgemelli1f,mshropsheir1f@cargocollective.com,SuuhyE6W4
53,rfoley1g,acrole1g@amazon.co.uk,K7y2yKCPGa21
54,aivons1h,ftarbox1h@wsj.com,ow1geoy2
55,sstow1i,genterle1i@drupal.org,9ZpHyP5fZMXv
56,kchappelow1j,ajosum1j@over-blog.com,q0BfE6S
57,acharge1k,dsweating1k@msn.com,WqG3tVH09p
58,cmcevay1l,gdrust1l@biglobe.ne.jp,BPK6oujzv
59,civanonko1m,iallom1m@wp.com,DOM74i
60,wsenten1n,apettiford1n@reuters.com,ETY86KVpYVVY
61,bbirkin1o,eburress1o@mit.edu,m49WbK
62,zkayser1p,oahern1p@netlog.com,s9LgEy
63,rmannion1q,fbradman1q@nih.gov,0prMmnwuadu
64,fportman1r,jgaukroger1r@apple.com,2C3XWFqFxVrO
65,fjaggi1s,lsammonds1s@merriam-webster.com,41EDejqF7
66,cluetchford1t,jalmeida1t@people.com.cn,NDmgwWmGQx6
67,vsearle1u,swarne1u@mtv.com,SIM36K6mjp
68,salliker1v,mkuschke1v@bbb.org,E6WYenKQ
69,eolahy1w,dnewcom1w@slashdot.org,K1LnzO9
70,senden1x,ovannuccini1x@amazon.co.jp,zgYA7UyX
71,jwennam1y,ceverington1y@mapy.cz,QCYLXUX
72,mhowieson1z,vgutridge1z@rediff.com,XRR322qrYHf2
73,wkiehl20,rcardero20@uol.com.br,CF53OxZVnS
74,mhanbury21,wcritchlow21@twitpic.com,nDr7O3diH
75,smably22,rbreffitt22@nbcnews.com,6E6OtL
76,tobrian23,schichgar23@wiley.com,V1i2Cti
77,sbirchenhead24,bcapron24@pinterest.com,SyFeHVeOxrT1
78,iexer25,mmacarthur25@multiply.com,6nRGGzCCp
79,rcardenosa26,ehane26@reddit.com,zCCcxKE6giFm
80,nwalkden27,dhalgarth27@technorati.com,y1Tv4YQyGm
81,pcattermoul28,emainds28@over-blog.com,nTsjpD
82,hkobierra29,llouden29@etsy.com,qoKbNsA9U
83,lhuckett2a,astammirs2a@moonfruit.com,b5rFdXxFoV
84,kcobon2b,cdewitt2b@marriott.com,aiaTb3PVH
85,lmiddas2c,cramsey2c@wikispaces.com,HtVWF85juBG
86,zstarking2d,ctrusse2d@abc.net.au,V4pH09m
87,mdamato2e,itustin2e@ucsd.edu,EBVnsJPz
88,bkensett2f,gmoloney2f@narod.ru,8XfWxl3
89,lleuty2g,kbescoby2g@census.gov,DNwEhxb5
90,lnorcock2h,hmaurice2h@fotki.com,RH9cezS9NR
91,rbester2i,spalmer2i@fda.gov,IhXD4R
92,mpavyer2j,bkilbee2j@ehow.com,yavSgEd4a
93,beveriss2k,rianittello2k@blinklist.com,rrxKzINBl
94,codam2l,wlill2l@nsw.gov.au,xYiktp
95,alightbody2m,mjoslin2m@ox.ac.uk,OLtLzIml4
96,ekeesman2n,bkinforth2n@sakura.ne.jp,3kNyszaFi
97,dclausenthue2o,jwewell2o@scribd.com,wwrI9C2I
98,gdurrad2p,jharg2p@redcross.org,NsmFy7
99,bkelson2q,hborrowman2q@miibeian.gov.cn,3yHmysm
100,dbenedyktowicz2r,jcaught2r@parallels.com,24OEY5ZMku
101,promei2s,cwitsey2s@spotify.com,KEtC2AXzRIwr
102,bmccallion2t,trevell2t@taobao.com,gozyyE2Z
103,dgell2u,lconley2u@acquirethisname.com,bFHlCcq
104,lstothert2v,mannandale2v@businesswire.com,G30upd
105,alongson2w,fmarioneau2w@techcrunch.com,wrLR3ClwK
106,dpenrose2x,strendle2x@zimbio.com,nIR2UdRQq
107,emulvin2y,tmckernon2y@devhub.com,i5yovz
108,plippiatt2z,cfiller2z@ask.com,Gudu9NUWeT
109,mwhitticks30,nwaddington30@unesco.org,TFHMdwdjVR
110,otreagust31,bjentet31@tinypic.com,5KTbb5MaC1
111,kstronack32,acaseborne32@time.com,de2uIa4
112,lpirson33,kgagan33@t-online.de,p3Epzcd
113,tsavory34,bbetser34@blogger.com,LzAVsX1CF0
114,rgobourn35,baartsen35@pbs.org,PtB0uztZ9Y
115,eshadfourth36,malltimes36@wisc.edu,VVGzvWZ
116,hjonin37,hmatthensen37@psu.edu,eXgYdP5k
117,broscow38,cduker38@cmu.edu,80e0L1
118,nbentame39,cleehane39@nsw.gov.au,oSGnkW
119,jdrei3a,dcollcutt3a@ustream.tv,XbYTyWAHW7em
120,alevay3b,slaydel3b@naver.com,QcNcBCRlp4Ce
121,rpython3c,lwigelsworth3c@issuu.com,M8VvApalQk7
122,amenichini3d,cdurran3d@jalbum.net,oEEEWMtt
123,jwoolpert3e,vstrong3e@hp.com,7hcH0mIMP
124,aseldon3f,cjolin3f@netvibes.com,sXDa2XiiIlL
125,zhardwich3g,crubinovici3g@people.com.cn,5AT8ezzj
126,fdiano3h,itallis3h@archive.org,0wwoxyV
127,bkirton3i,abragg3i@woothemes.com,FGyGx8WwQFzq
128,cbernon3j,sbalmer3j@parallels.com,shax3Baua
129,wgameson3k,cfakes3k@salon.com,k7R20UPQ3
130,lllewelly3l,cmcnirlin3l@t.co,A1klr9Y8Wwp4
131,bchazelas3m,ahallihane3m@dailymotion.com,SPIUcQRz
132,kghidetti3n,bscothron3n@linkedin.com,f05Pw18
133,eperrelle3o,asieghard3o@sourceforge.net,EZL7h7pf9R
134,gbonnaire3p,nchurching3p@constantcontact.com,ougUDVw
135,mlatham3q,mlangfat3q@cbslocal.com,RzKsjJ7lWEj
136,jkippie3r,alafont3r@shop-pro.jp,4GGIyW9B3
137,zpheazey3s,ejain3s@howstuffworks.com,GPQCSzj8LzBV
138,slamberti3t,hmeeking3t@multiply.com,QHXsgao9am
139,kcordes3u,gsuett3u@github.com,U4IkX90q9ACZ
140,dburchett3v,vberardt3v@mlb.com,p1hJb0Tw
141,clepiscopi3w,dattenborough3w@wired.com,GhpGfiIXo
142,cwoolmington3x,afryett3x@economist.com,Ajq8nI
143,jdrakeford3y,esigward3y@ebay.com,XeU10UIAvvA
144,arissen3z,dgillmore3z@dot.gov,tbJf4f9tI
145,cthorn40,vabraham40@is.gd,FwE78Uhoh7
146,piashvili41,dhalbard41@about.com,JD3PkowCo4
147,jstogill42,mmattock42@360.cn,Ackp3m
148,cchoppin43,cstigers43@bbb.org,a9JI7EQ7
149,dscranney44,chammill44@google.com.au,YOwMJN
150,dlohering45,brame45@mediafire.com,0t2A99p
151,awoodyeare46,hscimone46@yandex.ru,IDpHvFMe
152,amurdy47,ddeem47@examiner.com,RtgJfrPsA
153,cskelhorne48,ffull48@dot.gov,wPtKLlyDLJd
154,ematyashev49,crosson49@cyberchimps.com,hH7nBzYqIsc
155,kvarnam4a,gaudrey4a@state.gov,Rk2Nit
156,mfeasby4b,gsevior4b@reverbnation.com,AM1lh4AE7
157,hmelbourne4c,jlampet4c@discuz.net,vyN8eaBrqFf
158,gsangra4d,barnoud4d@economist.com,CseyfClcFK
159,wdrust4e,ewoodwin4e@prweb.com,HXbA5urR
160,jbrideoke4f,edodell4f@stanford.edu,9nxlzuOqMJM
161,kwalas4g,gkillwick4g@reddit.com,6BCtst
162,abourner4h,nchrippes4h@google.com,E2JgWztSB
163,jfaldo4i,ajessett4i@irs.gov,iPYkKAA
164,ghoppner4j,ktathacott4j@elpais.com,mklRrcqy
165,cbumpas4k,sliddle4k@jimdo.com,lUQ2nzC
166,mmorrowe4l,oklimentov4l@ebay.co.uk,7FOnHFF
167,alanders4m,kmynett4m@purevolume.com,LpbknEPeJ
168,bhundey4n,dpusill4n@wikia.com,4ulWd2XlByRF
169,rhlavac4o,mmccleod4o@loc.gov,ABF0XySSr
170,hfontell4p,epegram4p@hhs.gov,4HuFIq
171,slindborg4q,qfranzolini4q@xrea.com,OKeEamG
172,eascraft4r,mpetroff4r@newyorker.com,M7acSVgtQ5e
173,kcarlino4s,sknight4s@marriott.com,NwyNwg
174,rsteel4t,cprobyn4t@deliciousdays.com,pxLnE6
175,pheffer4u,kborrie4u@gov.uk,kiP1lLZuzu5
176,bbondar4v,awalford4v@mysql.com,rtobiEw
177,lhadlington4w,gspanton4w@engadget.com,e4ssYIw
178,klaguerre4x,ecochrane4x@github.com,G9b4kP1R
179,otwyford4y,crieme4y@ning.com,dYsofS
180,rbasten4z,twalbrook4z@bbc.co.uk,VuBknMwFEh0
181,aclashe50,cantonias50@businessinsider.com,oTfFWUPJfkYS
182,dchamberlin51,mruddiforth51@japanpost.jp,yliwvFLcvpa
183,dthewless52,tstocking52@w3.org,i6cQET6w
184,waguirre53,cdivver53@guardian.co.uk,AdfXZODD
185,asoldner54,bcossey54@webmd.com,NilEt4zQOl
186,mpavlenkov55,cbundy55@dailymail.co.uk,3YHdVVlE
187,mmaccrann56,bshildrake56@bloglovin.com,u3KYyL7vuw
188,eughelli57,dkoenraad57@intel.com,GoyVixs
189,ejouning58,akinton58@mlb.com,dmZR46R
190,ababer59,vswallow59@wsj.com,qymSaRw0YLeb
191,ggratland5a,etooting5a@ning.com,AwdCElVZ
192,canfrey5b,rdelascy5b@comsenz.com,AVFnxaHR
193,zigglesden5c,tiacovacci5c@pen.io,GzE7NsK
194,ekorneichik5d,sdeaves5d@delicious.com,wffakAbw
195,bgalvin5e,jwilliment5e@telegraph.co.uk,7kwIsDOqrbm
196,olademann5f,lsolesbury5f@github.io,BZQqZY
197,sposchel5g,wlimbert5g@cdbaby.com,W2aMyylyd
198,bjenkin5h,aharsent5h@blinklist.com,r9H3qc8xRv
199,kkittless5i,fbrisset5i@wix.com,k7qKxZDenPR
200,dhub5j,vbehneke5j@unicef.org,lBgYIe4d
201,dcanedo5k,madamsen5k@alibaba.com,k6Hjpn3
202,smutlow5l,lpretsell5l@gravatar.com,yVRppoG4z
203,wsimyson5m,bbatrop5m@nifty.com,xmsKjE4by
204,hgaskill5n,hbenfell5n@bravesites.com,rMjg7aA
205,kotley5o,nwoolfenden5o@blogs.com,FxH4iUXoB
206,kdorr5p,lcooksey5p@reverbnation.com,3Ui8oqVLvN7f
207,thousden5q,ushegog5q@washingtonpost.com,dbXXwBJ8
208,cwesthead5r,hling5r@plala.or.jp,3GQIX80MNi
209,bdudden5s,pkeepin5s@tamu.edu,qDFw12Xh
210,npouck5t,cpuncher5t@wikipedia.org,1MfYhyLXH
211,fbryett5u,jellsbury5u@java.com,b1IDFaZg8z
212,bmccaffery5v,rlishman5v@ifeng.com,YIzfEi
213,jbirtwisle5w,araddin5w@umich.edu,Uc559Op95MTE
214,diacovaccio5x,bleftridge5x@hatena.ne.jp,kGF7pppykxCJ
215,pdenington5y,dbansal5y@biglobe.ne.jp,dS4zmwOPQ
216,delland5z,lgonnard5z@zimbio.com,dpZibaB
217,pderrington60,dcharlton60@ning.com,QG4iki3YQw
218,roppery61,bcoulsen61@techcrunch.com,QjSLQrM
219,mlockyear62,vgerren62@mayoclinic.com,XISiuo9f4
220,jhaighton63,kchamney63@linkedin.com,UwpkOZO
221,ilamminam64,fwhitechurch64@tinypic.com,oXRqUzH
222,mgyurkovics65,asugg65@slashdot.org,umSyf6xGN
223,fjerrams66,ichishull66@si.edu,xDK20Z
224,ekauscher67,adyche67@behance.net,TiWbSEF
225,nbabin68,teverson68@jigsy.com,89no5L5
226,mdurand69,rbootman69@tinypic.com,ek50Hr
227,jbiaggioni6a,ahauxby6a@sourceforge.net,JcgqsF45G
228,mjouaneton6b,ltinniswood6b@vistaprint.com,8NeHOEhXd
229,rscriven6c,lhillock6c@google.co.jp,X79Du2zq
230,tprangle6d,mgathercole6d@msu.edu,QR0ivozAyT
231,fbunclark6e,bcastiglio6e@apple.com,O6vq9LCvn
232,kfaragher6f,bsabine6f@dion.ne.jp,yWWtF8m8
233,lkidby6g,wedison6g@jimdo.com,JwP1L7jwTX
234,kgreathead6h,tpenlington6h@live.com,E6rXV4f
235,mjiles6i,rvasiltsov6i@quantcast.com,isDMhP3JP
236,bingley6j,hstit6j@si.edu,bOymdM2J
237,cbracco6k,bcorey6k@mail.ru,F0mLBTMCgrFi
238,kgosland6l,mnano6l@topsy.com,1WRhMiOBxMq
239,gstockey6m,kpiechnik6m@goo.ne.jp,R5SmHIA
240,ecurlis6n,gtofanini6n@pagesperso-orange.fr,zpPHKnRmKfO4
241,alabbet6o,blashford6o@yandex.ru,098z7t
242,fhasell6p,mgrigolli6p@apple.com,j6M69chAmeG
243,dpetrushka6q,sruzek6q@desdev.cn,HYyIT4uPYl3
244,twignall6r,imaskall6r@technorati.com,xXDrIXJN8
245,esumers6s,rstoner6s@berkeley.edu,NZknrig
246,sblampey6t,pdunley6t@weebly.com,X4WWjjWC
247,dscrymgeour6u,foshiel6u@senate.gov,F72UWarbx
248,tjacobs6v,tdomenge6v@xinhuanet.com,K0GdDVA7
249,cmees6w,kcostelloe6w@flickr.com,kG1xhC
250,dhakes6x,madams6x@hostgator.com,AAXNixw
251,bgirton6y,mbasire6y@businessinsider.com,u5eaSkar
252,gbalk6z,jpedrollo6z@pen.io,EOaWpskkqr
253,wraise70,mpherps70@woothemes.com,q783hsShrw8
254,imelmoth71,bjackways71@is.gd,IErfBOfx0UH
255,shevey72,kneve72@moonfruit.com,S0I6rTCZC0W
256,teyer73,brigmond73@alexa.com,XWVFyjeug
257,cgarriock74,slackie74@booking.com,hzrXQ8
258,rpegden75,zpouck75@cdbaby.com,i48iXdqwUtgu
259,oblatcher76,dtaile76@usa.gov,To8SFXsb0UR
260,bveryan77,epuddin77@devhub.com,xetAX7E
261,bmavin78,rramstead78@disqus.com,FOYF7G5GCqRN
262,smcgarrity79,gdarkin79@prlog.org,tRQEluds
263,tmorse7a,kprewett7a@wsj.com,Ukm6fk5OGoN
264,hdelaspee7b,npaynter7b@diigo.com,yxh4yKo22bL
265,jrookledge7c,ajasik7c@vk.com,t2dFJuhbjxwU
266,ovasilenko7d,wluberti7d@vimeo.com,AmhCNnlbO
267,blatek7e,leneas7e@gizmodo.com,11AiqEiRyC
268,kchomiszewski7f,apriel7f@java.com,IuEem9AN
269,bivins7g,efergyson7g@toplist.cz,9HxZ4tjH
270,ameacher7h,wstuer7h@google.ru,DjklvzGF
271,cmakinson7i,dmunden7i@ebay.com,Fd7adHBdDC
272,cfairfull7j,fkeller7j@skyrock.com,js2UzK
273,gstretton7k,khentzer7k@wp.com,uJLcKrnV
274,kokroy7l,ipreddle7l@freewebs.com,cuV99t60OdoN
275,ealliot7m,aswalwell7m@omniture.com,IoF8X3WgH
276,hstuchbery7n,cjerzyk7n@prnewswire.com,tbLT6xE6
277,cakrigg7o,egillmore7o@webeden.co.uk,omKxUVgIdiDm
278,gdegregario7p,zheart7p@unicef.org,qUdGnXLXJRMm
279,ldawks7q,wferroli7q@skype.com,l2caWLm
280,ccaulier7r,chalpen7r@slashdot.org,Dc1IvZ9gmN3E
281,fbarensen7s,jkornas7s@pinterest.com,wwcHOh79
282,ddenziloe7t,nwhitchurch7t@domainmarket.com,tYfb92F
283,hdiviny7u,lbergstram7u@cbslocal.com,zNStqntWDBm
284,mbarlie7v,sassad7v@e-recht24.de,D00MAGHUZ
285,jtwine7w,jhurrell7w@paginegialle.it,SXVczDFY
286,bguilder7x,nmidlar7x@etsy.com,zl2xFVSDQy
287,jbortolini7y,gwithur7y@jiathis.com,lfILPMEv
288,wbenardet7z,svidgeon7z@marriott.com,7GeSIji
289,gderrell80,vhowkins80@ftc.gov,Bb8KxpjhIG
290,fweldrick81,stwigley81@goo.gl,X0oYJiL1
291,bcheson82,mduling82@yale.edu,JRCeaQppLAO
292,ccohane83,sstollmeier83@so-net.ne.jp,Su7wvbFZ
293,rburgne84,hvokes84@cnet.com,fJO3gaNvfAMz
294,psorel85,imurdie85@unc.edu,Vzc7kojUShcL
295,mpomery86,scobson86@paginegialle.it,wRdxuQeruEik
296,cmethingam87,mworham87@unc.edu,5yXI4HKnZ
297,llepine88,gbeavon88@unicef.org,8hkUI2
298,sjulian89,ttipple89@walmart.com,RPzK0K
299,sbridewell8a,lebi8a@loc.gov,9SnMRj2V2
300,hcoil8b,zdietsche8b@slideshare.net,USqfE8lRei
301,jbrinkley8c,jjealous8c@mysql.com,5E2Gu1q
302,hramelet8d,somulderrig8d@vinaora.com,FsoYtwhYOb
303,gblaase8e,dyaldren8e@4shared.com,nB4Xic9dNjFv
304,gkee8f,sbenitti8f@senate.gov,w8F9jwWUjM
305,bblinkhorn8g,nschruurs8g@blog.com,SNkzQUIJ0f
306,cvonasek8h,nfickling8h@sourceforge.net,iC6lUm
307,tmackerness8i,mfarfolomeev8i@nifty.com,lQpmcVU8d
308,snorvel8j,nredley8j@nifty.com,UCmYNeyB3
309,glaughtisse8k,rvandenoord8k@etsy.com,4RTBzG1nE
310,mgreder8l,bminchella8l@networkadvertising.org,eEeHYlVkEd
311,mhuie8m,ksille8m@ocn.ne.jp,lOOWqcnxaNTn
312,jakid8n,sbrayson8n@google.co.uk,b5Jvg19YUP2
313,mglasman8o,epere8o@deliciousdays.com,KoEPPtYk
314,champson8p,cponde8p@tinypic.com,rZ6yiXE7t7V
315,lpendergrast8q,rleavesley8q@newsvine.com,NHksyLs4
316,rtebbet8r,kstiegars8r@newsvine.com,f3KlBdh3m
317,pcashell8s,bmatfield8s@symantec.com,ksEGT1Ye22L
318,gstoade8t,chousbie8t@uol.com.br,NRrZDfN4mC5O
319,bjuorio8u,ajedraszczyk8u@google.co.uk,IC77dD2
320,cweighell8v,mkennicott8v@prlog.org,9RIN1VHoJ
321,tstudart8w,sbickerdike8w@digg.com,UJPHx4Bwn0E
322,bconyers8x,ksiggin8x@virginia.edu,6sLnhmiJ2h
323,ddrysdell8y,ddewitt8y@house.gov,H3GV9mDNPR
324,cbanks8z,dboundley8z@cafepress.com,FaYFz2IGw
325,kgerardin90,dhow90@ycombinator.com,wzMBoAU
326,hsilliman91,kbank91@amazon.de,gmwxLr0U
327,cbunner92,dbrewins92@pcworld.com,1nYYgXOAK
328,fmaddams93,gwragge93@who.int,c1ErAHL1FSc
329,lbernardon94,enairn94@nydailynews.com,gmTuG4Hwj
330,jsquibbes95,pkanzler95@123-reg.co.uk,Icjabw
331,nsallows96,hhamblett96@msn.com,75fZGzd
332,eferron97,mjaniszewski97@networkadvertising.org,hViHPl3
333,miglesia98,sgalton98@zimbio.com,ReMguEKtG
334,kspadazzi99,cbranno99@chron.com,Trfcmm
335,mlisamore9a,vgirk9a@devhub.com,WFTj8q7ima
336,byendle9b,cjaggi9b@barnesandnoble.com,LK07lv
337,rlermouth9c,bmaffiotti9c@ca.gov,hWl4ge21
338,sclampton9d,ktrevor9d@blog.com,OVbLHBNr
339,cjoscelyne9e,lgravet9e@yolasite.com,dTqmrPJ06a
340,gsayton9f,lquakley9f@fc2.com,Nc48RLWBL
341,momahoney9g,dhargate9g@dyndns.org,pLgaHuKC
342,oyearnsley9h,amcbain9h@arstechnica.com,0zpfLB9vKRk
343,ckinchington9i,jscripps9i@webnode.com,G4wQtx
344,jbiggerdike9j,avaudrey9j@moonfruit.com,aJSN8VEq
345,jpencost9k,clysaght9k@plala.or.jp,SWtOUzwv
346,bdennes9l,whuck9l@theatlantic.com,gBdtjoVmB
347,rkahan9m,wschleswigholstein9m@telegraph.co.uk,CCJhll1G
348,hnorwell9n,larnowicz9n@cbsnews.com,3wKOzz0V0V
349,asiveyer9o,ghucke9o@smh.com.au,zBcxPv9n
350,cbowmaker9p,dgoodfellow9p@tuttocitta.it,1Z5WWm
351,lsaban9q,bvogeller9q@newsvine.com,sGX7wgb
352,kaindriu9r,lgasnell9r@webs.com,8wRc5vu
353,kmccowen9s,wdelcastello9s@wikispaces.com,Nj1mSYybPBMv
354,ldealey9t,ebartolommeo9t@boston.com,nnJUOclEWOz3
355,ccleynman9u,rhambright9u@meetup.com,Vr4a8x35X
356,mhaynesford9v,tsigne9v@census.gov,odz9JIRw
357,jcroxon9w,snoorwood9w@so-net.ne.jp,ujmIsc
358,raldiss9x,vspiers9x@php.net,bBRSl1pUDg7
359,nfolling9y,ahutchence9y@clickbank.net,ry6QvxKFc87
360,lphizakarley9z,fgreatex9z@businessweek.com,n1gI45E3Zx
361,efairlema0,rcarberya0@yolasite.com,QZVnrSZ6tE
362,scoventona1,gspiteria1@arizona.edu,uTQ9t1IP
363,cfrushera2,bmottinellia2@gmpg.org,Gz4kzawSMNMk
364,jnewartea3,kmcguirea3@edublogs.org,Dyd1X7AXmRj
365,vwadgea4,coleaghama4@woothemes.com,eHV334zwWt
366,mgevera5,maldina5@wufoo.com,yGnFAUfi
367,ystockingsa6,bpicklea6@hud.gov,MNhusPXiVy
368,jdragonettea7,dpawelleka7@quantcast.com,I8y5bv
369,rmiltona8,jhavvocka8@tiny.cc,kmh2YDwv8l
370,thamblena9,agararda9@nhs.uk,JQkdf5GEMvkw
371,gjuettaa,fdadgeaa@fda.gov,zd9vK0UurSY
372,klynettab,cduetschensab@drupal.org,bm0snCMl5s
373,bmacalroyac,rtubbleac@accuweather.com,dDl2TiTFL
374,aconnerryad,kbalead@gravatar.com,jCus0Y2OD
375,pringsellae,lkyddeae@vkontakte.ru,fT72oBoGjS5u
376,gcringleaf,htuveyaf@weebly.com,ImBtRER
377,asekullaag,cbeswellag@seattletimes.com,LXn1pGXNNx
378,shudspithah,cjanesah@mysql.com,TuDjlp
379,tsileyai,nvenningai@mediafire.com,PLWHH0CSVRNS
380,gseersaj,sstrowlgeraj@wisc.edu,67o5vnAB
381,tphilipeauxak,rchekeak@yahoo.com,HVXEXlG2
382,tmcmillanal,berieal@usnews.com,qmp6FpBYdf
383,jlazaream,xbettaneyam@washingtonpost.com,oigCg7x8EL
384,odurbanan,dmcdowellan@blinklist.com,5cN4fF
385,bcalytonao,tarendao@quantcast.com,BSGAIeocT5
386,gmarshalleckap,tpedrocchiap@ycombinator.com,tcxaGCuf
387,jmacnamaraaq,ctoursaq@edublogs.org,rF32ZCR
388,kmelledyar,ntincombear@cbsnews.com,IQIC6A
389,acalvardas,rwinklessas@yellowbook.com,cZGmcehZBftl
390,asangoat,gantuschat@example.com,tzKFW57fH3
391,tforcadeau,jlukinsau@weebly.com,rWypvGT
392,rcadeav,dhowlesav@telegraph.co.uk,lXWHJyai
393,jfriattaw,dwhitseyaw@cnet.com,NQIlgot1o6
394,hfrazerax,lpopleyax@goo.gl,y9OU3WBTu
395,enorrieay,mstelljesay@pcworld.com,KWbH9oQY0WF7
396,rhavvockaz,gegleseaz@reuters.com,w0YhTovZg
397,drockeyb0,tdunkleyb0@rediff.com,3RsPrh3pRD
398,yestickb1,dtrencherb1@samsung.com,qLmxCo32Fbdh
399,cdevineb2,avasilmanovb2@nyu.edu,ajyyFI7vG
400,tsurguineb3,hlaminmanb3@zimbio.com,4tqHa6LY3t
401,aparncuttb4,cgeorgiusb4@wp.com,c3XI3k
402,sferrarib5,pswansboroughb5@cargocollective.com,Y87ncuU
403,cbroomhallb6,ydegregoriob6@house.gov,ikssTV
404,olapishb7,wfuidgeb7@tamu.edu,khRmOw
405,amoynihanb8,ftrousdellb8@marriott.com,RyzrRB
406,cblancheb9,tfranckb9@wiley.com,FVQDKAoyy3H
407,vormerodba,tfinessyba@un.org,f6IJSLahzRmn
408,rmcguckinbb,sgammillbb@fc2.com,oJQYUVz1YJ
409,mkubalbc,gmartynbc@jimdo.com,sp0j7C
410,gcattinibd,npenticostbd@patch.com,JJ6O76t
411,nschwanderbe,mcanterobe@pcworld.com,2ED4VYraK6
412,iwedgebf,lkalewebf@sfgate.com,SCN5RT
413,bdunfordbg,mruzickabg@facebook.com,4pXH7u
414,ovilebh,lhourstonbh@prlog.org,XBY0WI
415,shalfhidebi,ebenyanbi@msn.com,2KQCPB4
416,omcdonaldbj,kcornelleaubj@rambler.ru,fHvl5XCXEOc
417,nspightbk,jmaronbk@tripod.com,dWlTKc
418,phaslenbl,cbaptistbl@squarespace.com,DAY2coTP5
419,dthomasbm,flantaphbm@php.net,ckaSNUy
420,bdursleybn,bheissbn@acquirethisname.com,KazvzFB0LYY
421,alackbo,ldeanbo@stanford.edu,SPVtoJ8A0q
422,dohaganbp,cmibournebp@columbia.edu,Lw2wZiFg
423,hporttbq,dtirtebq@shutterfly.com,ZVuPOw5bC
424,amccorybr,brayburnbr@myspace.com,6wxCYfl4Zoj
425,jmurkusbs,abissetbs@bbc.co.uk,t5A6TsLK2XyC
426,olightowlerbt,asperrettbt@tuttocitta.it,5IZg1NCfvnpi
427,balesibu,hmosconibu@yolasite.com,tAxIUAi
428,ksteedenbv,rburstowbv@mapy.cz,3xacFE
429,ncheckettsbw,skennellybw@addtoany.com,5iThmJwoV
430,rmaesbx,adruittbx@infoseek.co.jp,6CCHpYsOu
431,bbartocciby,equibellby@vimeo.com,O49nEyOD
432,lwheblebz,emaplethorpebz@usatoday.com,2QzckIg0Vy
433,gloveittc0,gpenwrightc0@comcast.net,46nZoKG9
434,acarissc1,nvegasc1@bizjournals.com,UDOvv9Sr8
435,kchingc2,mreynaldsc2@usda.gov,mBZRMLi
436,bmacgettigenc3,afattorinic3@zdnet.com,9GJmmcVW8Vn
437,wdamettic4,mglazzardc4@wikia.com,nm5CGqG
438,wostlerc5,wdyterc5@wordpress.com,u9eWctep
439,mfrankumc6,lcutchiec6@booking.com,gI7aWqSlS
440,afauloc7,yegglestonc7@taobao.com,6o8gCoGrHt7
441,dabramic8,msanterc8@free.fr,5N8KhDOgB
442,djorgc9,kcolloffc9@who.int,ZgoyVb
443,ctwidellca,jstruysca@ebay.com,ktenOGaRYpvZ
444,ctomblesoncb,hridewoodcb@taobao.com,Tp7vUCqh
445,akernellcc,kpentoncc@elpais.com,MvzeyiAw
446,mconradsencd,dnicholsoncd@jalbum.net,efo710XVKEyx
447,mpadefieldce,kdessaurce@oakley.com,VijHVgVmW
448,emcveecf,mpilgercf@sitemeter.com,os5f6gUgcY
449,nfugglecg,sbelfieldcg@cbc.ca,JPt5R1a7CMm
450,mvearncombech,cpelmanch@ihg.com,OrXp9q
451,bgerranci,mbrentonci@newsvine.com,fsvwv1b
452,dharrissoncj,ksoulecj@csmonitor.com,uozGBpDVjLB
453,umournianck,mrosensaftck@merriam-webster.com,ecEhBOcrODGl
454,dnewportcl,dvakhlovcl@cam.ac.uk,U9SSb6zv7T74
455,tjopsoncm,framptoncm@tuttocitta.it,eopjWVMQ
456,hchatwincn,gwilcockscn@cargocollective.com,QRX4qamCD
457,kfulleyloveco,bnokeco@walmart.com,A4eoKjx
458,gwashcp,gmaccaheycp@go.com,pdIVQcpzm
459,ckelleghercq,mhartzogscq@ehow.com,o4UmWkxNuk4K
460,eklejincr,mragbornecr@usa.gov,zLe71HyXbCF
461,dobeirnecs,fantalcs@ycombinator.com,GNwZInT
462,bblightct,dchaudrellect@moonfruit.com,LFpjLSHt
463,douletcu,lelliscu@ucoz.com,a7oEWIiR
464,cchalcraftcv,mdrewerycv@flickr.com,K0GEfhnddhm
465,psinniecw,fpaoletticw@amazon.com,Y1PyRWOGy9l
466,gfaulkscx,rmcminncx@sciencedaily.com,SUw2A3WQ
467,nmenelawscy,rgrundercy@hp.com,2A411AHn
468,okeechcz,cinskocz@ted.com,5OTBeac
469,sblackaterd0,braddenburyd0@about.com,1TOtMLc0
470,erawsend1,dkuhntd1@irs.gov,v65EYeK
471,zscipseyd2,rbogaced2@sitemeter.com,G1OD6l
472,aerrigod3,adantond3@bloglines.com,Uaz4hVR
473,mcotgroved4,kdaoustd4@cdc.gov,mgfbuTrp5Gdr
474,fpapisd5,bbendond5@tinypic.com,0bz6Oa
475,mferrarinid6,gbibbyd6@g.co,022sv1hMvG6
476,bbromed7,dremond7@t.co,TOPJs3Q
477,gweinbergd8,cwaszczykowskid8@google.pl,pUng5qNnq7cL
478,mcochraned9,citzkovicid9@vistaprint.com,ZVHMJbGL8Aoy
479,mscuseda,mgreyesda@tinypic.com,zsq5ZuDtiJ2
480,kantaldb,spigromedb@blogs.com,XDExYWt6
481,fferraresedc,dpetaschdc@vinaora.com,xF6XHs
482,tdawtondd,bridoutdd@desdev.cn,CFgKcRVk
483,gglynnede,tamthorde@amazonaws.com,vVaOX8o5RD
484,sshentondf,ltidderdf@vistaprint.com,dxzDNO
485,dmcturleydg,rkingswolddg@gmpg.org,lYdHRLPdiY
486,lburddh,ledlingdh@theatlantic.com,0216FEs0aI9
487,eemmattdi,mgilffillanddi@bigcartel.com,NRs4D7O
488,jcleetondj,gbilslanddj@blogs.com,acAzqoGzO
489,rwasieldk,oglendenningdk@mapquest.com,H6dAcwS
490,kreddishdl,mmckerleydl@dot.gov,fR5y61
491,amoberleydm,kasberydm@salon.com,Xb6idM
492,achazierdn,gbalcombedn@scribd.com,VEbGp6aKnO
493,zstandingforddo,cbonwickdo@deviantart.com,YkxktGy9OHh0
494,spaolozzidp,lbuessendp@senate.gov,QY4hysAiQah
495,abulliventdq,anobesdq@wikimedia.org,W585yno06f1E
496,njenksdr,rizakofdr@pen.io,sMAYMTJ8Wg
497,wthomtonds,silsonds@usgs.gov,oSSszTfNX
498,jjizhakidt,aguideradt@taobao.com,CIzNkMDkJC
499,agravattdu,schampkinsdu@salon.com,DcAhhUh2G1
500,vbirchilldv,krymilldv@jugem.jp,IwOm7CM3
501,vhammondw,bkemmdw@weebly.com,qBhyDLtzv
502,bokedx,krobersdx@qq.com,FLlzds
503,lmaccambridgedy,lrentellldy@businessinsider.com,gfoiqCqYEh
504,ttrevaskissdz,jscasedz@booking.com,EVdvr4I94Z8
505,iparise0,dsmithee0@mapquest.com,Ij4tSm8
506,ekennforde1,hscatharde1@hibu.com,PEUzIOBU
507,wpritcharde2,divashkine2@tripod.com,eFuOxZQpnu
508,cmontillae3,wsugge3@w3.org,42ss1r
509,ndavise4,vpedicane4@newsvine.com,Tkvyo8z0
510,myakobe5,agarrowaye5@wikipedia.org,13xnq47
511,tcutmeree6,ldeldelloe6@edublogs.org,PmCwLITEAc
512,wfortyee7,rpinshone7@tiny.cc,tXGMYFebakv
513,mbeiderbeckee8,hmechice8@hibu.com,q6I720F0xGG
514,mtrigge9,srawstrone9@amazon.co.jp,R0kGmtZye
515,tduryea,bsmithsea@myspace.com,4sAykGf
516,twoltmaneb,dgrandeb@kickstarter.com,WD3Drg7c
517,kkeddleec,sgimenezec@rediff.com,kSCiydAj
518,momalleyed,nmanioned@spotify.com,YZunpyLN
519,bstrongee,bnisotee@geocities.jp,5TXI5vF
520,mdavageef,nabrashkinef@patch.com,U0ztOquF
521,meeleseg,mgadneyeg@slate.com,kkhzZ7gUv
522,mcoweuppeeh,sthirlwalleh@simplemachines.org,5kqAzqHY
523,rsodeauei,arusselei@vk.com,1EjgW2KSo
524,petienneej,jpresnellej@opensource.org,u7peNiTItSpc
525,cbriknerek,mmoyneek@fotki.com,v1cRJAYfhxfE
526,tstolteel,dpiscopelloel@si.edu,qXznRMTIgsjX
527,amayerem,jmellemem@microsoft.com,8R9yQeh
528,sdoranten,hcasselsen@spotify.com,LERWnDL
529,fbroschkeeo,kcapleneo@twitpic.com,XeZyUHFs1YG
530,jitzkovwitchep,rrogerep@dyndns.org,EO0cw5QQqitN
531,ssandcrofteq,tduxfieldeq@xrea.com,t4LsN9ApEDJ1
532,bwhaler,mbufferyer@cyberchimps.com,k7l6QLKdZMOj
533,mmarrittes,rscotchmures@imageshack.us,QPFCC88ntub
534,cwybornet,vnieldet@dagondesign.com,HRTdyUMGnA2
535,nmurcotteu,itommasuzzieu@sakura.ne.jp,H6wvBFE
536,vwetternev,ksleneyev@skype.com,21Y9RU
537,bberfordew,mbracerew@sina.com.cn,ev9DAA6DJit3
538,twhewillex,gramageex@ask.com,OQPuJSmua
539,dquadrioey,mbretoney@goo.ne.jp,A9BkbriNgUc
540,nrudramez,bsmallwoodez@upenn.edu,jC7THwilYP
541,cishakf0,dtailef0@zimbio.com,sVNe8vN
542,acrowcroftf1,ltimmisf1@weather.com,aNemHz3b
543,ndymickf2,mmarteletf2@a8.net,PpnixUo
544,hwilef3,kparadinef3@engadget.com,tWLhuS
545,gmattiellif4,cblankauf4@umn.edu,BcWdnHer6j
546,rchittockf5,psinkf5@gnu.org,l6oX7ZnX
547,fkeydenf6,aumbersf6@livejournal.com,ThgvEs3Q
548,gturfsf7,dhogbournef7@hhs.gov,xKKUq8YTpOJ
549,cbarlasf8,nkeyndf8@taobao.com,QaS9jW
550,lgoverf9,kbarthelmesf9@csmonitor.com,dKHPEYtuB7w
551,vstruttfa,cwellingtonfa@is.gd,TnoMb4P8aop
552,fherchefb,djeppersonfb@home.pl,8MfD9nol
553,rjerdeinfc,akitefc@sourceforge.net,JwBuQm12SU
554,nsauratfd,sdunkerlyfd@edublogs.org,Ba0CnFtQNS
555,asorbyfe,wmichaelfe@redcross.org,KltcnMxJy
556,mdillistoneff,nhenrionotff@istockphoto.com,OsemNhj
557,tavesfg,lsewellfg@ycombinator.com,pKnhUNGNMe
558,nthowfh,rguitonneaufh@wordpress.com,6GWhgK
559,cvokinsfi,lfauxfi@icio.us,uLBQHBcgOZw3
560,ajarroldfj,myellowleesfj@pbs.org,9aywkHMLf
561,dmindenhallfk,rvassarfk@boston.com,P8iAcTRUzpC
562,kroarkfl,skarmelfl@vinaora.com,NnW2RYbPwoG
563,wkuschelfm,ahenrionotfm@microsoft.com,Ih5K0bF
564,kjermynfn,edelacostefn@t.co,RIVVgmg
565,jrollinfo,estychfo@ucoz.com,5EOuZpeYgBE
566,yecclesfp,dismirniogloufp@dion.ne.jp,uKlxmQ2r
567,gmacconnalfq,cdenkelfq@constantcontact.com,Qx80HWbg
568,lgoodfieldfr,deselerfr@4shared.com,4WFbwzF
569,rlebromfs,ddixfs@deliciousdays.com,N1QB5NEB
570,rstrankft,bcrowdenft@ebay.co.uk,Dfjboow
571,hbullickfu,tjohananofffu@tinyurl.com,Npm9en
572,trivelinfv,bbarliefv@shinystat.com,d45nLdkIEs
573,ncastreefw,mfetterfw@ezinearticles.com,PwIOZN5Aj
574,mklaaassenfx,lgarberfx@so-net.ne.jp,VvEtd7PWPmJ
575,tinmanfy,mromerafy@elpais.com,Ft4Ki5uH
576,gkeppefz,vjermynfz@gravatar.com,EKOkKiYfUY
577,srijkeseisg0,spalombag0@mail.ru,OnVjOZef1A
578,acarsong1,ljodrelleg1@pagesperso-orange.fr,6H3QQlJbBL
579,mgerriesseng2,dmontgomeryg2@noaa.gov,IvR81M4
580,lreyneg3,cantonikovg3@gravatar.com,3oIbliEO
581,awimpressg4,mbraidg4@nbcnews.com,KmaxeTO1rscc
582,hchallissg5,jdraijerg5@t-online.de,uUQHWBSeyy
583,fcoopeyg6,nclowsg6@mapy.cz,7wjfd4OwEd5h
584,tschreursg7,gtorranceg7@hubpages.com,CN3sNjyY
585,hcoyleg8,dcolquhoung8@state.tx.us,qLVhp9G9u7H
586,mdowdallg9,cropsg9@msn.com,hvo4No
587,etorransga,bfardellga@usnews.com,rMclAKTs
588,bjeannardgb,nlefeuvregb@google.nl,oimapbnuHaet
589,jblownegc,kwoostergc@diigo.com,LHF7no7
590,osallygd,mlibreygd@miitbeian.gov.cn,OM70f9
591,mcurnessge,cmclisege@wikia.com,CpyUyLPpJ
592,kblazynskigf,ldubosegf@columbia.edu,CUneEeKVpKr
593,gjealousgg,pbaloggg@smh.com.au,WDkmFUdhEZTL
594,mhollerangh,themphillgh@yandex.ru,x2Gmmo
595,sbeastongi,zstivengi@lycos.com,S7Ym75Bn
596,mkewishgj,loconnellgj@bbc.co.uk,5gPXkO3TflI
597,gdungk,inourygk@last.fm,tTsnkSCDZkTv
598,llinnardgl,bbaleinegl@jigsy.com,Hsb4JZHzyK
599,mbothamsgm,sscraneygm@sourceforge.net,bVEBrF
600,kmaccarlichgn,pgodfroygn@wired.com,z5oM4u17Zaq
601,nboothjarvisgo,adanellgo@hostgator.com,R7MEN1jkJ
602,klefrancgp,rgrabertgp@so-net.ne.jp,fSX8jXWX
603,rmckinstrygq,tcookleygq@infoseek.co.jp,BYpjq5x
604,bcrigingr,tjollandgr@home.pl,0cydSnARxsTM
605,gperinggs,ldesantosgs@cisco.com,6y9r5IxodoPw
606,fmelhuishgt,dloncastergt@ted.com,7w00ke8YEp4q
607,scondictgu,nmclicegu@foxnews.com,9bCa5Ht
608,cdurbyngv,ngyppesgv@comcast.net,RYgJAN0JA
609,rtomadonigw,rboeckegw@senate.gov,ddwuYa
610,hcaslingx,fmoreinugx@mozilla.org,lkxh8xydx
611,jreedyhoughgy,abellisgy@live.com,6JtbAz
612,cthreddergz,rmcleodgz@globo.com,bJ2YrGOJ8PbN
613,eandreeh0,rjeaysh0@ucsd.edu,vyE1zC
614,npidcockh1,agulstonh1@xinhuanet.com,AdYazgN5
615,lrooksbyh2,rdarellh2@google.pl,vmN3G5uMAyV3
616,tmiramsh3,dwinsonh3@slideshare.net,RfVxBybNSUC
617,mhyetth4,dcracoeh4@globo.com,5d6MkP
618,jmccaigheyh5,aallinghamh5@bbc.co.uk,7izp6lhOnTnn
619,cschrirh6,mclewerh6@artisteer.com,FssuMkVvIsPH
620,kcolbornh7,meskrietth7@technorati.com,L4qCux
621,glunoh8,alindoph8@latimes.com,QVctSc
622,cbrideauh9,emahaddieh9@webs.com,WwbLdz4D9O
623,ahatrickha,rgerbha@multiply.com,wG4bVj3yn
624,mniccolshb,cwildborehb@noaa.gov,utajOt
625,zryletthc,oashburnehc@state.gov,W6DMT34NQc
626,bpirniehd,gfigghd@guardian.co.uk,sLZRMdycAbC
627,ahurnhe,dprahlhe@google.com.hk,sfp3jlq
628,ktoozehf,jmccrystalhf@about.me,yCfoJALZ
629,mmcneicehg,edunlophg@senate.gov,p9RZqCQfUEhM
630,ssutehallhh,npearminehh@instagram.com,J8zZxvYLLPm
631,sbrugsmahi,alowehi@disqus.com,TlDyQxPkOq2t
632,jgoodleyhj,vmollinhj@360.cn,yIdpmVebmC
633,astentifordhk,mprendevillehk@state.tx.us,ojwHnPlU9
634,mpresdeehl,htworthl@census.gov,dz1vrXH
635,kdevitahm,cdavidaihm@gravatar.com,U7JoDEnM2a
636,ncardushn,dbramsenhn@delicious.com,mvEQ7A6Dd
637,cferrieho,abeadellho@csmonitor.com,w0s3hsbVX1O
638,dcovellhp,tmeltetalhp@feedburner.com,FTIDv4
639,bwintertonhq,dcolpushq@reverbnation.com,jcmRsGQ
640,ikinsellahr,llewtonhr@weibo.com,YjgJglkP
641,phaithhs,mransfieldhs@gravatar.com,Aj3gAkBs
642,etonght,gbrewettht@histats.com,b58lU68f
643,asellorshu,hloudhu@irs.gov,ikbfAzEBwH
644,spalisterhv,lboundshv@home.pl,iRQgpe
645,apetthw,nmorstatthw@economist.com,d8mHcg6z
646,emcmakinhx,swaycothx@cam.ac.uk,oNNDjLBJsjBq
647,skellandhy,jfrosthy@house.gov,bY6uODjVFt
648,bbearnhz,ewortershz@abc.net.au,zKRo5uBVXO
649,wbentsoni0,pfilippovi0@squarespace.com,0Oq7W7
650,jgerckei1,rdraysayi1@exblog.jp,swMB6a7wNPai
651,cclynteri2,dristi2@japanpost.jp,Mxie4Rj2
652,cdumsdayi3,sshippeyi3@latimes.com,sdTuCocQKyt
653,gcarri4,chambridgei4@discovery.com,kGFkXifi
654,glongleyi5,hwoolvetti5@ucsd.edu,EVkO9P9
655,zspieri6,mkonerdingi6@last.fm,rssEQr9
656,ckochei7,jkersawi7@samsung.com,xhTbIKzg
657,dmanzi8,nmacadami8@vistaprint.com,aZzMQhrz4Z0
658,dabramovici9,gheliari9@va.gov,N0o6xaREURCn
659,gbanthamia,mmoniniia@cornell.edu,oKfPoGow3rT
660,hremingtonib,kkornesib@xing.com,og54tPz0l
661,bspellecyic,jkovnotic@w3.org,c4NtuE
662,fsollnerid,kperdueid@amazon.com,4WX24QhpWGe
663,lwoodburneie,jcranchie@tripadvisor.com,d4xXMQqW
664,rguietif,mtrickerif@sun.com,vzWzeAUj
665,tjandelig,iebdinig@issuu.com,YWOsT4kGkNMU
666,lsheldonih,rmackibbonih@linkedin.com,ZI0881remh
667,btollidayii,ajessupii@reuters.com,9kNNsf3iU
668,ugehrelsij,bmaudettij@sphinn.com,lsIJ2YG0H
669,mfiggsik,kolletik@purevolume.com,2hi3OS
670,rsimneril,glengletil@blogs.com,bWHSJMPX
671,sarnsonim,pfylanim@nydailynews.com,1NjsyAS7R
672,mdouganin,ehaylockin@freewebs.com,nGxAn50yngWE
673,joggersio,bcallejaio@mit.edu,ozJ4E5qvfvNP
674,mjorisip,mwinspurrip@goodreads.com,hTxl0wdUs
675,ubetkeiq,cregglariq@yahoo.co.jp,MEzo2VJ83
676,bgummeir,dallcockir@phpbb.com,YmDvmLPF
677,dmeinekenis,hginieis@harvard.edu,q2RI6ktJmrxG
678,dslowgraveit,rmayerit@jalbum.net,FN27KF55
679,lpesiu,lripsheriu@economist.com,eXdNu2
680,fmurfilliv,lcrottyiv@nytimes.com,G0R2wn
681,awhiteleyiw,fleneveiw@smugmug.com,18h4tPf1t9
682,ktodeoix,jstaresmeareix@slate.com,roD7Mc
683,dconingiy,hcoramiy@hugedomains.com,zWTz72ay3hy1
684,iogborneiz,rhalliboneiz@berkeley.edu,e1i4AO
685,vmcilmurrayj0,efulkj0@amazon.co.uk,4MYrx9q
686,nguillotonj1,fbroggellij1@xrea.com,s1SqbJ9
687,evongladbachj2,acamerelloj2@xinhuanet.com,9unlgZy6t
688,jtantej3,dbeastallj3@behance.net,ZEH68VSkGGKF
689,jcorgenvinj4,cpavisj4@google.es,hb7Y6OWlvkgC
690,htschirschkyj5,flennoxj5@sbwire.com,dLQlQxQB
691,mdobrowskij6,brackstrawj6@creativecommons.org,Y8AKfnn
692,kheiblj7,hcoronaj7@discovery.com,hDVu9OR9BRAE
693,acuttlerj8,claysonj8@yellowbook.com,kcZI7nDjLQP
694,eriddelj9,ypleyj9@who.int,oBvj3WuOZdj
695,lvanichkinja,dbraddonja@japanpost.jp,5M0pqEgS7QgE
696,aitzikjb,osadlerjb@lycos.com,wnwqsTJ4
697,jgaunsonjc,smacaindreisjc@jalbum.net,i5RWs9u
698,kbalstonejd,mkimptonjd@photobucket.com,jUx2MFkl3FnM
699,cmetheringhamje,twayeje@quantcast.com,zehbHmV9
700,kdolanjf,kabramsonjf@mozilla.com,x7IsjRMv8H
701,wrodwayjg,amoultonjg@wiley.com,PLFilFL1wbm
702,vcovertjh,mdolesjh@shutterfly.com,FqVzt4oATUwr
703,etomaszczykji,flomazji@exblog.jp,eF6xl0jwo
704,ltappingjj,nbroschjj@apache.org,2sdrvYvsW8
705,efishbournejk,ecawderyjk@mail.ru,6gY766
706,jphilpjl,dboasjl@independent.co.uk,6ysTS2uyyN6h
707,wrowenajm,efridlingtonjm@sbwire.com,WC3rUUKo
708,cthomsonjn,klarterjn@oakley.com,oro3hL
709,sinskojo,mnoddlejo@networkadvertising.org,7iwwuRk5LoZ
710,adiffleyjp,ssansamjp@surveymonkey.com,3GlOfdV9k7cB
711,sforrestjq,rdobinsonjq@cnn.com,By7S6EN0X
712,mlagojr,ataxjr@intel.com,WmcxTZynjrF
713,mkalinskyjs,tclaquejs@wunderground.com,CdduczIPW
714,pcobonjt,jantoinetjt@usda.gov,HobIJoIZD
715,cgledhillju,parnowju@state.gov,iEWzs0t
716,ecosgrovejv,rohernjv@jimdo.com,2bHMuFoMCPe5
717,cfowlerjw,erobkenjw@github.com,YUvqLfOhzcuI
718,jbodessonjx,jwhelpdalejx@skype.com,6IDM218d
719,egiacominijy,ggadiejy@ucsd.edu,DiECLUu7k
720,sraincinjz,rspadollinijz@exblog.jp,byVUZX
721,ebasilonek0,nfarnhillk0@1und1.de,U1f17A38cL
722,maaronk1,ekittowk1@miitbeian.gov.cn,5rXi1MPwewa
723,jtolerk2,shallstonek2@hatena.ne.jp,F7QLED0
724,czettoik3,krivardk3@npr.org,S152fpy0
725,aedghinnk4,jtrowk4@xing.com,1YOe8UcGbJ
726,bcroosek5,smarushakk5@goo.ne.jp,eFtGCCn
727,apyecroftk6,iransteadk6@tamu.edu,t31PHNbPyS
728,mnoodsk7,tsyvretk7@princeton.edu,MDzGsg
729,fivantyevk8,hlevittk8@nbcnews.com,pV5HrFB
730,gbriggk9,fkidstonek9@prweb.com,qvEnrckBM8
731,ddigginska,ghedneyka@weebly.com,96VngUf6
732,areublekb,tredsullkb@ebay.com,cp7jiV
733,knorekc,hmeighankc@i2i.jp,h1eJZex1p
734,athurbykd,trosariokd@typepad.com,xMm0R0OYoj
735,dhalsallke,bmilleyke@va.gov,jCzVtWU
736,nbotekf,mwitherkf@exblog.jp,1wCA3hmFObfa
737,breckuskg,tmcgeneaykg@sun.com,xn23Swg7
738,tblanshardkh,htompkinskh@yandex.ru,lYVXa6IGn
739,vjewisski,jfodenki@4shared.com,DzkViC
740,djosephskj,kfossittkj@edublogs.org,9DoQU7vL
741,khammentskk,oyacobkk@wp.com,eMMI7MWM
742,mferrottikl,mmacmenaminkl@npr.org,nWwaxmm9B4d
743,gtruggiankm,mchismonkm@facebook.com,lWRsMXC
744,mmarrionkn,sjedrzejczakkn@google.co.uk,leTqVN7ui8AG
745,hdinegesko,rfittesko@discuz.net,f1GGddP8
746,cbertinkp,dflaunierkp@comcast.net,tcmArroPYB2
747,abroddlekq,agwillyamkq@miitbeian.gov.cn,IZV2sLQL
748,achezierkr,gsargoodkr@eepurl.com,OryyXMB
749,bthresherks,ksambalsks@umich.edu,vzdpF2JRkW1
750,rgrievekt,aandreekt@ucsd.edu,LWccoJoKXnf6
751,pbeckworthku,ecurnickku@163.com,jbuYGTx2CxMl
752,kisackv,ipatkinkv@barnesandnoble.com,HrqNTK
753,bnoirkw,kmogridgekw@networkadvertising.org,3xIxB3
754,wsellmankx,bbiaggettikx@xrea.com,E1R8IvXJ
755,lfidgeonky,cwegenenky@howstuffworks.com,Lr1TC35FA
756,jlamballkz,aabernethykz@unesco.org,rezPnlbX
757,rbasekel0,zsimcoxl0@uiuc.edu,ghUvA5
758,sjenneryl1,glanonl1@homestead.com,Z0uDe7AA3
759,shegdenl2,mdunkerleyl2@360.cn,adSjtywJv
760,vrileyl3,lcasebornel3@mozilla.org,Rg0GLcBQM
761,easkwithl4,spurslowl4@i2i.jp,FrPm0b1Dfe
762,gmarchettil5,cgorglerl5@china.com.cn,SSdrMuN5D9b
763,ttenantl6,rmcritchiel6@youku.com,fuNVZORY4hOa
764,laslottl7,bmeasorl7@clickbank.net,kqL5QldU
765,rilivel8,ukarolyl8@loc.gov,jvpaxwaG
766,gthomblesonl9,nburgonl9@furl.net,B7Ddjl
767,nhuncootla,tgertzla@ft.com,IqXqOLf0nn6O
768,rclancylb,bcubberleylb@php.net,Nn399v0a
769,bbarstocklc,amaunselllc@facebook.com,hIe8eu994q1
770,bcavalierld,aglauberld@163.com,a3okgQoWPnXR
771,rswinle,mlangele@jiathis.com,Em5FqMAi2e
772,pbrodestlf,bmcinteerlf@cnet.com,KW4TeY3onzD
773,amacfaelllg,dmillierelg@cbsnews.com,KGmKuCDCENC
774,cswinnlh,arapplh@networkadvertising.org,7Lm3v4
775,potteeli,htakleli@bbb.org,joFoWN55
776,kburchlj,vmatouslj@telegraph.co.uk,0BXWC6kSeq
777,sdockwralk,ewolterslk@japanpost.jp,tRAXL8w
778,dcleavelandll,qmackilroell@angelfire.com,A5CCDM0Dy
779,atregearlm,dlorentlm@elpais.com,lDDqjextlQ
780,thaslehurstln,wmcalroyln@thetimes.co.uk,oPUPuaLAE0
781,cvanylo,uadanezlo@gov.uk,Spr2wkULQp
782,hainsworthlp,cclemintonilp@cocolog-nifty.com,MHnEWtHi
783,gtremainlq,ewoodyattlq@newyorker.com,JHYIqn
784,wberdalelr,ckarpelr@icq.com,4uFxLS
785,iseegarls,cfishleyls@ftc.gov,z6BzTNUpI8c
786,wgatherelllt,mnugentlt@parallels.com,Zo6AyB
787,mcaineylu,epawleylu@deviantart.com,mq6DiI1kD0U
788,myeldinglv,ahazlegrovelv@diigo.com,qj6OuH1f
789,jdargavellw,kclearleylw@microsoft.com,t4oQcmsT
790,paspellx,aodriscolllx@prlog.org,EyhQ4Q
791,ebatsonly,wchapmanly@wordpress.org,mp61w78CPf
792,lcurringtonlz,rjarretlz@blog.com,ekA6dPno
793,gtuckm0,sharbidgem0@trellian.com,110KQ58t
794,gbacchusm1,abonifantm1@soundcloud.com,YEjTNHiWjENd
795,mwollersm2,lsiseym2@livejournal.com,vyt3bSMRYB2
796,ebrotherhedm3,anorgatem3@wikia.com,2CD2Ix6Wy2
797,sdoncomm4,clatchfordm4@51.la,wzwIqmCW2
798,tchitteym5,cmccaghanm5@slashdot.org,ogjdFpzVGOIi
799,lbigmorem6,lhardistrym6@list-manage.com,9Nkf1X
800,ataylderm7,fjekyllm7@netscape.com,uVdNeaJsvR
801,clockem8,nminneym8@xing.com,e7m0B0
802,tdantoniom9,hshorthousem9@amazon.co.jp,tLzRGI6nXjVY
803,dgatherma,acastreema@soundcloud.com,K7u0Jq
804,ascapelhornmb,dlearmountmb@java.com,hhEELj8Q4T
805,gfarloemc,mkinlochmc@nbcnews.com,4zuSxDhuPd
806,ftuxellmd,dlacymd@shareasale.com,8kqgsswg0
807,smabeme,skosiadame@google.co.uk,MuxGzPWQtiZ
808,manderermf,dslucockmf@macromedia.com,k2Qkoi7ohwl
809,dmatiasekmg,mlyddonmg@google.com.au,dkVFtMMyr
810,gkubicekmh,djenynsmh@slate.com,jnfnqBvIViLC
811,aitzkovmi,atrokermi@wikimedia.org,04dmeB
812,eevensdenmj,wludlommj@posterous.com,guIxFqWMI
813,dmatiasekmk,rspurdenmk@artisteer.com,u2v3VDYd6W
814,straiteml,bvassanoml@about.me,4COOYVsJ3Kv
815,gfahrenbachmm,loliviemm@weebly.com,4WkAjM2n8TX
816,jmcwhinniemn,jnibleymn@spotify.com,bEQI3Sre
817,ksignoremo,ealliottmo@simplemachines.org,PvFY5lLJKu
818,arobertismp,cpitchersmp@cam.ac.uk,0IFg14
819,mfewingsmq,okillmq@slideshare.net,yN8OurVJ
820,lbreachermr,msimonsmr@mediafire.com,SrDL2uEO
821,lmclukiems,ldourisms@example.com,iaZnD2FgR0n
822,dcaveymt,hkenwortheymt@moonfruit.com,zaDFlma9R
823,mfonteynemu,rarseymu@rediff.com,TIO7qvyBlCfF
824,agreevesmv,tcoenmv@ucsd.edu,8d3RNjNP
825,ihalesworthmw,iwadiemw@so-net.ne.jp,qxnlxdtkCkE
826,ekembleymx,kcaudeliermx@oracle.com,1KCVji
827,eadanetmy,teddingtonmy@nytimes.com,f5Sejz
828,cbartmz,mmcgeemz@forbes.com,ADtc1lFfKSc
829,adecrucen0,sblencoen0@qq.com,YWAkO1H8SAXi
830,zrenehann1,cannwyln1@nsw.gov.au,RpTG3V
831,lramselln2,arobilliardn2@bandcamp.com,I9S5LeT3KXMO
832,emicheln3,bchampionnetn3@qq.com,qKCzmja
833,kmeekingn4,mhansn4@homestead.com,VVvG8svBfRXw
834,ayakubovicsn5,rcrossleyn5@vkontakte.ru,rweYqjIrcnM
835,zmeehann6,vlangworthyn6@geocities.com,bRSSGh
836,ocarlesn7,cgotthardn7@cafepress.com,hMlkLdV
837,cdovydenasn8,iimbreyn8@independent.co.uk,FEBiVk161wV
838,mpoznanskin9,gpawelskin9@aboutads.info,4BPH6CR6nqm
839,hlenchenkona,cheismanna@boston.com,FXlJ8eOK
840,mrickerbynb,bpashbynb@latimes.com,PZAkpGhj
841,ewhitneync,abramhillnc@sfgate.com,nVt57MfBo
842,jcumeskynd,vdoorlynd@furl.net,ja4T4s
843,gschruyersne,bhedgene@diigo.com,JkilRI0Ehm
844,recclestonenf,dfomichyovnf@xing.com,NroEeSAS
845,alambieng,gfowkesng@wikimedia.org,YHXM8Hh
846,bjaggnh,pwhathamnh@narod.ru,nbioAuofZu
847,bguilloneauni,goculliganni@state.gov,rJMzjOthmn
848,jlongfootnj,borteaunj@nationalgeographic.com,u8AMj2c
849,rgranvillenk,iesgatenk@feedburner.com,N6mWtY8U
850,ematevosiannl,dethridgenl@google.nl,si574PD7ywyx
851,tswinburnnm,iguiraunm@eventbrite.com,PuEeOQEH
852,dlavissnn,jhawlernn@angelfire.com,QTdqrfI8NIh
853,agladyerno,mlenteno@myspace.com,EgY8TCRa
854,hduffellnp,gliveingnp@wp.com,Qicngx5
855,clampreynq,rashpitalnq@noaa.gov,o6Pdq1D
856,ecristofolonr,jvedntyevnr@feedburner.com,NALINtO65
857,rbartkens,fanettsns@lulu.com,x4uplq
858,fwittmannt,opeggremnt@ifeng.com,6aI6lPBd2C
859,geykelnu,cbirkenheadnu@java.com,iPayIuh
860,cjepensennv,sveschinv@jigsy.com,e3aG0Me2
861,mphayrenw,nokeefenw@slideshare.net,Naecqfm9Mfac
862,akedslienx,lmaconnx@unc.edu,dWmYrL
863,mharlettny,ngrigolashvillny@cmu.edu,IVxu8MP4HR
864,cduggannz,bwitardnz@prlog.org,saiZTKdB4W
865,ahallifaxo0,kmckyrrellyo0@unicef.org,lI2fHuQ5
866,qatkynso1,meggerso1@multiply.com,zHbwznrvuU
867,fcanapeo2,bmckinnono2@etsy.com,GKKaPyaC
868,pdunbabino3,adunsmoreo3@sphinn.com,7mI8qWdcn7
869,rwoollastono4,ehixleyo4@usatoday.com,jyvod4iGil
870,chealingo5,jpaleko5@google.ca,nfTGY0
871,sparadeo6,hmuato6@baidu.com,GmFu4pqJL
872,gcoryo7,jlyneso7@newsvine.com,hsJu5g
873,bbrotherhedo8,ahilbourneo8@hp.com,Y6PCB29rKo4b
874,fboldrao9,sstobbarto9@sun.com,zxRfZ8GaFrC
875,cmceloryoa,cgrundwateroa@apple.com,8oEmUdVMNb
876,llarcierob,lschurickeob@yellowpages.com,6GwK2AqRO
877,mkildeaoc,obelitzoc@skype.com,GR9psv48LV
878,ainceod,tkilshawod@gizmodo.com,jbDQ00Zp
879,ceiteoe,vgreenoe@imgur.com,UZztt5H2dn
880,klutenof,goldisof@mac.com,5qvxuW
881,cglusbyog,dtruckellog@blinklist.com,riTaoAI
882,kearsmanoh,kbramwelloh@angelfire.com,xoRPQfBb
883,emurchoi,mredonoi@google.nl,3rpI8nPwJNsh
884,achristophersenoj,aguinanoj@ow.ly,JQiW94T
885,ldewettok,trolfsok@microsoft.com,6AYa6zXzs
886,dmartlewol,rgaydenol@pbs.org,4F9oLP
887,wtossellom,nthonasonom@simplemachines.org,IYG92dGsId
888,wcatmullon,mkewleyon@nhs.uk,sl3TWja2
889,mhubbartoo,atyddoo@shareasale.com,aJklZaVMjexr
890,deayresop,eluesleyop@sogou.com,a3dH0AjtCF0G
891,aleworthyoq,nsirloq@macromedia.com,q89XN6OVAv
892,adenisetor,gfettiplaceor@auda.org.au,ltJ3MuWiZe
893,aalsopos,ngilloolyos@dell.com,AGQLqaYtqlXf
894,smcdonaldot,sbettisonot@yahoo.co.jp,0F1Ey6vbb
895,taldamou,syemmou@devhub.com,zWd6ll
896,wnewcomeov,lwillmentov@eepurl.com,5TVBQA
897,dlindenboimow,tliggensow@pinterest.com,8qpzltxxP
898,idunbarox,cmagarrellox@ezinearticles.com,HKi5SuMqLS5
899,tscadingoy,varmsteadoy@si.edu,RczbrL1
900,ogerberoz,ckeetsoz@gizmodo.com,eHozAq0G6lH
901,aklimowskip0,ocresswellp0@wikispaces.com,mj0NdEZ
902,tgumeryp1,dnarracottp1@nba.com,iVNQmdXMjF
903,frenshallp2,nscuttsp2@webnode.com,MVR9zWAUIxC
904,mmcquaidep3,cekep3@wordpress.org,7hyJS5iAo
905,btrusslovep4,fhamblynp4@qq.com,LEI0PCt2nlh
906,cpawlep5,yughinip5@bing.com,CrInkYcaZJF
907,dprestnerp6,xhanbyp6@wix.com,WrZXrT1t
908,gsamweyesp7,alackneyp7@latimes.com,RqBFDEr
909,druburyp8,jvannsp8@comsenz.com,jIThbuN7FGRu
910,ycarabinep9,crowlsonp9@ask.com,0MURWTO
911,ospitaropa,gdevlinpa@elpais.com,BpRu9gnmR9p
912,bnyssenspb,mgartlandpb@flickr.com,ipFtXZlpx7
913,oloadspc,gileypc@amazonaws.com,HA73HY
914,bohenerypd,lsapseedpd@bloglines.com,jDlAlGkdkmf
915,cclayworthpe,hgravesonpe@163.com,CJM7LIS5MCAm
916,efinniganpf,mgarnpf@upenn.edu,GFwHCM
917,ftunnopg,mhornigpg@pinterest.com,3f7dpWSPt
918,baldineph,agergherph@tiny.cc,IMS5LOl
919,rperrispi,mselveypi@nifty.com,tYeGjGCC
920,bsandbrookpj,adumbarpj@rakuten.co.jp,6XPfZCE
921,hlatuspk,mkilmurraypk@vinaora.com,l6d63v
922,lfidgepl,dmiddlemasspl@usa.gov,c3jyAH5J
923,skennefickpm,fwellstoodpm@blogtalkradio.com,inYltCjz4o0
924,imccorypn,agarlantpn@yahoo.co.jp,TwzhoGw
925,aburdpo,mairdriepo@usnews.com,cT9rt6C71VJR
926,lprescottpp,jgwatkinspp@youtube.com,y9keYsmROYmO
927,gdinglepq,gsegrottpq@meetup.com,IMzkF4
928,lgrahlmanspr,jmaccipr@earthlink.net,W2FxOS
929,cantonellinips,jsireyps@opera.com,st7I74
930,nbrislandpt,vhuffypt@gmpg.org,nDIMA11dQzm
931,sclutepu,vferrullipu@seesaa.net,k5kmdxhV
932,rsemourpv,pquelchpv@hhs.gov,UMqAVsx
933,tbraidenpw,moflahertypw@mozilla.com,94W8WDTD
934,fbonnettepx,djoepx@com.com,UhXX2Y
935,lredmanpy,dsignorellipy@state.gov,lYyhvM5Tw
936,mshervillepz,mquixleypz@eepurl.com,UINHpE
937,ahatliffeq0,doolahanq0@amazon.co.jp,tsui9c1
938,dgiacobilioq1,npickavanceq1@mapquest.com,iijuiG5BVc7
939,jbostickq2,ybowartq2@cpanel.net,7eSMbn
940,hcavnorq3,ftrillq3@free.fr,ZrBwwn5V
941,sferenczyq4,kpiscottiq4@cnbc.com,CU9knbCy5eL
942,cbrimsq5,hbrummittq5@purevolume.com,h6J2lHfHKv6
943,psexonq6,ebraistedq6@ftc.gov,0mpGjQ4
944,kvedenisovq7,bcouroyq7@java.com,dIrlG9PtoTZH
945,cstansbyq8,bmcvittyq8@multiply.com,VwkvJEVwa
946,givanshintsevq9,jjaszczakq9@xrea.com,WLnEOE5Gi
947,agamettqa,edochertyqa@google.de,xnKyFIn0vtAO
948,msaintpierreqb,cnottiqb@homestead.com,mIbpX0ene
949,tmichallatqc,bgrouenqc@china.com.cn,p3ulbXV
950,opoulgreenqd,rfeaviourqd@blinklist.com,Elmadj
951,ndavydochkinqe,fmorcombqe@craigslist.org,EEOLuq9jJ5s
952,lbisikerqf,akeavenyqf@comcast.net,PfS28z8SnRY
953,eandroliqg,nkuncqg@arizona.edu,Xa5RFJE
954,fplaideqh,smcauslandqh@cbsnews.com,764NEB4P9
955,ccorryqi,wdooleyqi@amazon.de,7W7h22tbn
956,pbeddowqj,dneevesqj@joomla.org,RRjjIQ
957,smullarkeyqk,lbrewittqk@4shared.com,6mq3IC5I5AB
958,fmchenryql,coheneryql@prweb.com,pqzbrlxOzo
959,hboughqm,mastburyqm@comcast.net,RtgN10E0
960,kpaolilloqn,mchalliceqn@examiner.com,VhA7tJL
961,fwinleyqo,mlampartqo@salon.com,zV1mKy
962,rmaundrellqp,nainleyqp@reference.com,l500a90
963,nbittertonqq,ofollisqq@joomla.org,8v2BrQyRL5
964,lcraigheadqr,aeggerqr@istockphoto.com,bk6EdlzrNa
965,adomninqs,sleathartqs@51.la,cB9awMrs
966,abootesqt,sbaleineqt@bing.com,WV6LwmcF
967,vbinchqu,jreinhardqu@dmoz.org,DzcbAsDT
968,fraitqv,kpickardqv@plala.or.jp,QJ2rvs8Q
969,rkenewellqw,sgilderoyqw@rambler.ru,SWpLhQ5
970,ngrzeszczakqx,aomaileyqx@ning.com,JmyEM9J
971,rhargateqy,ssimesqy@slashdot.org,NZWEhq
972,tgoodanewqz,ytetlowqz@1und1.de,Le8UkHFKx
973,estarzakerr0,avalentiner0@ibm.com,XFuwKt
974,nclissettr1,ggaucherr1@cafepress.com,qT9e0oK9
975,aberisfordr2,tentissler2@wsj.com,e2xMNhhS8
976,rslowcockr3,jescalar3@cbc.ca,QBFOFe1bLh
977,ddyersonr4,rbeebyr4@sitemeter.com,w7iwwF962
978,wchamanr5,amathonr5@google.co.uk,uxTnb58E
979,dmardyr6,amacdonoghr6@csmonitor.com,FGiLcemZyO
980,swakefordr7,falgorer7@exblog.jp,QoalFEhqIe
981,fcarmanr8,cpitneyr8@psu.edu,t8Jxs178
982,sheyballr9,ibraistedr9@wsj.com,qg7mO6ruKdO
983,lsuttlingra,rmewhara@t-online.de,PCueGlc
984,grohlfrb,ndesesquellerb@addthis.com,GvwkpB
985,kbausmannrc,mberanekrc@state.gov,IiCMEdWCzFyC
986,gbonnickrd,kjeanonrd@joomla.org,wVqzJzAV
987,adallaghanre,jtaylersonre@aol.com,sPJoVxl
988,mwitcherrf,psugdenrf@deliciousdays.com,XUvoRfeVb3
989,lfarryanrg,rbeaconsallrg@joomla.org,RUxEONcOhP
990,cmansuerrh,lpottrh@yahoo.co.jp,SiclWKS
991,cmarcri,rghelerdiniri@businesswire.com,gs0nhZne
992,fantclifferj,gmatyasikrj@utexas.edu,OiRPghx98y
993,hlumsdallrk,gellacottrk@pinterest.com,mq8KJwotgHy
994,sreinhartrl,shefferrl@devhub.com,63Oh7xf2pc
995,ekondratowiczrm,cstiellrm@delicious.com,GX1Exaf
996,acoopmanrn,smobbsrn@storify.com,pu4RQ7i
997,imcnishro,cmaccrachenro@nsw.gov.au,laXwC6wM
998,rsleetrp,bturnpennyrp@xrea.com,x6hI6GbyXm0
999,lavrahamrq,dlujanrq@bbc.co.uk,yjMM9PDqNdF
1000,bmarietterr,dlupsonrr@chronoengine.com,TRs2G8nKuO
